{"cameraMode":{"drawMode":0,"name":"Shaded","section":"Shading Mode"},"sceneLighting":false,"audioPlay":false,"sceneViewState":{"m_AlwaysRefresh":false,"showFog":true,"showSkybox":false,"showFlares":true,"showImageEffects":true,"showParticleSystems":true,"showVisualEffectGraphs":true,"m_FxEnabled":true},"in2DMode":false,"pivot":{"x":-3.9775564670562746,"y":0.6111406683921814,"z":1.4151164293289185},"rotation":{"x":0.05393633991479874,"y":-0.23298850655555726,"z":0.01296253688633442,"w":0.9709124565124512},"size":0.9332526922225952,"orthographic":false}