{"cameraMode":{"drawMode":0,"name":"Shaded","section":"Shading Mode"},"sceneLighting":false,"audioPlay":false,"sceneViewState":{"m_AlwaysRefresh":false,"showFog":true,"showSkybox":false,"showFlares":true,"showImageEffects":true,"showParticleSystems":true,"showVisualEffectGraphs":true,"m_FxEnabled":true},"in2DMode":false,"pivot":{"x":1.0632150173187256,"y":1.5159879922866822,"z":-1.2748380899429322},"rotation":{"x":0.17230680584907533,"y":-0.4729803502559662,"z":0.09489375352859497,"w":0.8588352203369141},"size":0.5274737477302551,"orthographic":false}